utterance_id,utterance_text
1,Good morning! How are you feeling today compared to last week?
2,"Hi, thank you for asking. I've been having a really tough week actually."
3,I'm sorry to hear that. Can you tell me what's been making it particularly difficult?
4,It's been a combination of things - work has been overwhelming and my relationship with my partner is strained.
5,That sounds like a lot to handle at once. Which of these areas would you like to focus on first today?
6,"I think the work stress is affecting everything else, so maybe we should start there."
7,Tell me more about what's happening at work that's causing you stress.
8,My manager assigned me to lead a project that's way beyond my experience level. The deadline is in two weeks.
9,That sounds like a significant challenge. How are you feeling about taking on this leadership role?
10,"Honestly, I'm terrified. I keep thinking I'm going to mess it up and everyone will see that I don't know what I'm doing."
11,Those thoughts about being 'found out' sound like imposter syndrome. Have you experienced these feelings before?
12,"Yes, actually. Every time I get promoted or take on something new, I feel like I'm just fooling everyone."
13,"It's very common to feel this way, especially when we're growing professionally. What physical symptoms do you notice when these thoughts come up?"
14,"My heart races, I get sweaty palms, and I have trouble sleeping. Last night I was awake until 3 AM just thinking about all the ways I could fail."
15,Those are classic anxiety symptoms. The racing thoughts at night must be exhausting.
16,They are. And then I'm tired the next day which makes everything feel even more overwhelming.
17,"It sounds like you're caught in a cycle where anxiety affects your sleep, which then increases your anxiety."
18,Exactly! I don't know how to break out of it.
19,You mentioned earlier that your relationship with your partner is also strained. How is the work stress affecting that?
20,"I've been so irritable and distracted. When I come home, I just want to be left alone, but my partner wants to talk and spend time together."
21,It sounds like you both have different needs right now. How does your partner respond when you need space?
22,"At first they were understanding, but now they're getting frustrated. They said I've been distant for weeks."
23,That must be difficult for both of you. Have you been able to explain to them what you're going through at work?
24,"I've tried, but I don't think they really understand how much pressure I'm under. They keep suggesting I just 'relax' or 'don't think about it.'"
25,It can be hard when someone we love tries to help but their suggestions don't feel helpful. What would feel more supportive to you?
26,I think I just need them to listen without trying to fix everything. And maybe help with some household stuff so I have less to worry about.
27,Those sound like very reasonable needs. Have you been able to communicate these specific requests to your partner?
28,"Not really. I usually just get defensive when they bring up my behavior, and then we end up arguing."
29,Arguments often happen when we're both feeling unheard. What do you think prevents you from sharing what you really need?
30,I guess I'm afraid they'll think I'm being too demanding or that I can't handle my own problems.
31,Let's talk about some strategies that might help you manage both the work anxiety and improve communication with your partner.
32,I'm open to trying anything at this point. What do you suggest?
33,"For the nighttime racing thoughts, have you ever tried progressive muscle relaxation or breathing exercises?"
34,I've heard of breathing exercises but never really tried them consistently. Do they actually work?
35,"They can be very effective with practice. The key is using them regularly, not just when you're already anxious. Would you like to try a brief exercise now?"
36,"Sure, I'm willing to give it a shot."
37,"Great. Let's start with box breathing - inhale for 4 counts, hold for 4, exhale for 4, hold for 4. Let's do this together."
38,Okay... that actually does feel calming. I can see how this might help at bedtime.
39,"Excellent. For it to be most effective, try practicing this for 5-10 minutes each day, even when you're not anxious. Now, regarding communication with your partner..."
40,"Yes, I definitely need help with that too."
41,"One technique is called 'I' statements. Instead of saying 'you don't understand,' try 'I feel overwhelmed and need some quiet time to recharge.' How does that sound?"
42,That makes sense. It's less accusatory. I can see how that might lead to better conversations instead of arguments.
43,We're coming to the end of our session today. Let's summarize what we've discussed and set some goals for the week.
44,This has been really helpful. I feel like I have some concrete things to try.
45,"I'm glad to hear that. For this week, would you be willing to practice the box breathing daily and try one 'I' statement conversation with your partner?"
46,"Yes, I think I can manage that. Should I practice the breathing at a specific time?"
47,Many people find it helpful to do it right before bed to help with sleep. You could also try it during your lunch break at work.
48,Perfect. I'll start tonight and see how it goes. Thank you for giving me some practical tools to work with.
